amount,merchant,location,card_type,is_fraud
915.11,eBay,North Megan,MasterCard,NOR
506.51,eBay,East Brandy,MasterCard,NOR
602.95,Target,Ginahaven,Visa,NOR
221.09,Target,Gilbertview,MasterCard,FRA
843.95,eBay,Port Larryshire,MasterCard,NOR
813.11,eBay,Port Curtisfurt,Visa,NOR
429.54,eBay,Royhaven,Amex,NOR
968.53,Walmart,Port Michaelport,Amex,NOR
191.69,Amazon,New Andrea,MasterCard,NOR
7.87,Target,Dakotamouth,Amex,NOR
134.21,eBay,South Josephmouth,MasterCard,NOR
683.38,eBay,Hoffmanton,MasterCard,NOR
395.56,BestBuy,Lake Hannahberg,Amex,NOR
298.47,BestBuy,North Matthewhaven,Visa,FRA
513.75,Target,Johnborough,MasterCard,FRA
494.97,BestBuy,Colleenmouth,MasterCard,NOR
83.29,Amazon,Valentineland,Amex,FRA
187.68,Amazon,North Emily,MasterCard,FRA
740.67,Amazon,Tamaraport,Amex,NOR
405.66,Amazon,Hectorland,Amex,NOR
866.08,Walmart,Port Susan,Amex,NOR
106.76,BestBuy,New Michael,Amex,NOR
277.76,eBay,New Juliefurt,Amex,NOR
972.18,eBay,West Scottchester,MasterCard,FRA
706.31,Walmart,New Christineland,Visa,NOR
36.22,eBay,West Dustin,Amex,FRA
789.95,Target,Cindyport,Amex,FRA
940.76,eBay,Port Marioberg,MasterCard,FRA
806.57,eBay,Angelaville,Visa,NOR
362.34,BestBuy,Mckenziechester,Visa,NOR
240.98,Amazon,Floresborough,MasterCard,NOR
674.38,Walmart,Cynthialand,Amex,FRA
795.03,Target,North Lindseyhaven,MasterCard,NOR
154.17,Amazon,Davisbury,MasterCard,NOR
853.3,Target,Stevensville,MasterCard,NOR
603.12,Walmart,Webbstad,Amex,NOR
38.03,BestBuy,West Joshua,Amex,NOR
76.43,BestBuy,East Danielside,MasterCard,NOR
5.23,eBay,New Adammouth,MasterCard,NOR
235.11,Walmart,East Joshuaville,MasterCard,NOR
460.02,eBay,East Angelicashire,MasterCard,NOR
720.46,eBay,Matthewsport,MasterCard,NOR
940.31,Amazon,North Hollyfurt,Amex,NOR
620.53,eBay,Colonberg,MasterCard,NOR
683.24,eBay,Mooreville,Visa,FRA
415.98,Walmart,Port Wendy,MasterCard,NOR
674.35,Amazon,Nelsonview,Amex,FRA
597.06,BestBuy,East Juanton,Amex,FRA
231.12,BestBuy,Ericaville,Visa,FRA
882.79,Amazon,East Leahshire,Visa,FRA
686.36,eBay,Lake Mariafurt,Amex,NOR
198.65,Walmart,Gonzalezchester,Visa,NOR
440.34,BestBuy,Lake Seth,Amex,NOR
785.37,Target,Amyberg,Visa,FRA
912.72,Target,North Annemouth,Amex,FRA
467.39,Amazon,East Michellehaven,Amex,NOR
130.1,Amazon,Lake Christophershire,Amex,NOR
619.22,eBay,Nicholasmouth,Visa,NOR
392.59,Target,Nelsonchester,Amex,NOR
605.67,eBay,Walkerborough,Visa,NOR
388.53,Amazon,West Natalie,MasterCard,NOR
985.92,eBay,Williamtown,Amex,NOR
899.9,Walmart,East Kristy,MasterCard,FRA
245.62,Target,Lawsonfurt,MasterCard,NOR
806.66,eBay,East Laurieberg,MasterCard,NOR
505.62,eBay,Marcusmouth,Visa,FRA
687.34,BestBuy,East Stacymouth,Visa,NOR
719.17,BestBuy,Bryanhaven,Amex,NOR
484.28,Walmart,Strongville,MasterCard,NOR
279.77,BestBuy,East Joshuastad,Visa,NOR
758.87,eBay,East Danielfurt,Visa,FRA
736.92,eBay,Ramirezville,Amex,FRA
384.56,eBay,Danielstad,MasterCard,NOR
385.76,Walmart,East Lisaburgh,Visa,NOR
515.45,Amazon,Port Melaniebury,MasterCard,NOR
845.24,Target,Barnesfort,MasterCard,NOR
248.17,eBay,New Mary,Amex,FRA
809.85,Amazon,Dianahaven,Amex,NOR
386.9,BestBuy,Austinview,Amex,NOR
506.63,BestBuy,Ortizchester,Amex,FRA
424.48,Amazon,New Cheryl,Amex,FRA
13.47,Target,Port Stevenchester,Amex,NOR
65.8,Walmart,Port Angel,MasterCard,FRA
395.34,Amazon,Paynebury,Amex,NOR
175.47,Target,East Jacob,MasterCard,NOR
833.56,Amazon,Robertchester,MasterCard,NOR
38.5,BestBuy,Karenland,MasterCard,NOR
628.56,eBay,North Robert,Amex,FRA
381.9,BestBuy,Port Johnview,Amex,NOR
445.94,Walmart,South Paulmouth,Amex,FRA
815.95,Walmart,West Melinda,Visa,FRA
289.55,Walmart,Lake Curtis,Visa,NOR
549.32,Walmart,Wilsonshire,Amex,NOR
687.49,Target,Stephanieside,Visa,NOR
674.65,BestBuy,Lake Katie,MasterCard,FRA
638.37,Amazon,Lake Michelleton,MasterCard,NOR
632.7,BestBuy,North Michael,Visa,FRA
34.16,Target,Huberstad,Visa,NOR
871.68,BestBuy,East Pamelafort,Amex,NOR
522.81,Amazon,West Ashlee,Amex,FRA
222.34,Target,New Gregory,MasterCard,NOR
58.88,eBay,Millerton,Amex,NOR
292.87,BestBuy,Lewisview,MasterCard,FRA
779.17,Target,East Michelle,Amex,NOR
655.58,eBay,Kathleenton,Visa,NOR
120.06,Amazon,North Jamesburgh,Visa,NOR
627.92,Amazon,Schneiderberg,Amex,NOR
275.41,Walmart,East Jenniferhaven,Amex,NOR
797.52,eBay,South Amy,Visa,FRA
415.76,Amazon,Shannonburgh,Amex,NOR
681.08,eBay,Meyerborough,Visa,FRA
677.77,Target,New Erikaside,Visa,NOR
925.5,eBay,Stewartview,MasterCard,FRA
321.09,eBay,East Joseph,Amex,NOR
103.93,Target,Charlesside,Visa,NOR
728.93,Amazon,South Ashleyhaven,Amex,NOR
792.34,BestBuy,West Raymondside,Amex,NOR
101.99,Amazon,Cherylburgh,Visa,FRA
241.84,BestBuy,Smithberg,MasterCard,NOR
705.54,BestBuy,Haydenborough,MasterCard,NOR
767.48,BestBuy,Rhondaburgh,MasterCard,NOR
537.7,Target,Greenstad,MasterCard,FRA
215.34,Target,Eduardoport,Amex,NOR
560.41,eBay,East Barbaraview,Amex,NOR
925.74,BestBuy,North Roberthaven,Visa,FRA
324.63,Walmart,Port Davidshire,MasterCard,FRA
253.85,BestBuy,Tiffanyville,MasterCard,FRA
370.28,Target,Lawrencebury,Visa,FRA
651.87,Target,Moorefort,MasterCard,NOR
183.32,Walmart,Mosesstad,Amex,NOR
951.28,Walmart,South Tara,Visa,NOR
98.99,Walmart,Port Jasonhaven,MasterCard,FRA
822.92,Walmart,Christieside,Visa,FRA
974.0,BestBuy,New Amyport,Visa,FRA
779.22,eBay,East Aaronberg,Visa,NOR
96.41,Amazon,North Ricky,Visa,FRA
242.0,eBay,East April,Amex,FRA
919.13,Walmart,Brownmouth,Amex,NOR
45.89,eBay,West Luke,Visa,NOR
345.22,eBay,North Angelaport,MasterCard,NOR
604.11,eBay,Dustinchester,MasterCard,FRA
674.58,Amazon,East Monica,MasterCard,NOR
901.61,Target,Port William,MasterCard,NOR
897.4,BestBuy,Wiseborough,MasterCard,NOR
975.84,Target,Perrytown,MasterCard,FRA
78.45,Walmart,North Jenniferhaven,Visa,NOR
698.04,BestBuy,Haleyland,Visa,NOR
257.9,BestBuy,South Victoria,MasterCard,NOR
132.74,Amazon,West Lisa,MasterCard,FRA
857.47,Amazon,Castillohaven,Amex,NOR
976.14,Walmart,South Eric,Visa,NOR
792.87,BestBuy,East Kristinetown,MasterCard,NOR
794.87,BestBuy,Port Brandiberg,Visa,NOR
26.16,eBay,South Michaelville,Amex,NOR
679.09,Amazon,Michealbury,Amex,NOR
370.01,Walmart,Olsonstad,Visa,NOR
330.59,Amazon,New Jo,MasterCard,NOR
857.43,eBay,Jessicastad,Visa,NOR
669.81,Target,Perryland,Visa,FRA
815.17,Walmart,South Bryanchester,Visa,NOR
880.56,Walmart,North Maureen,Amex,FRA
238.37,BestBuy,Coreychester,MasterCard,NOR
370.94,Amazon,Chavezbury,MasterCard,FRA
311.56,Amazon,West Veronica,MasterCard,NOR
722.54,Amazon,Jessicaville,MasterCard,NOR
393.26,Amazon,Morseshire,MasterCard,NOR
201.32,eBay,Proctorport,Visa,FRA
603.14,eBay,Camposstad,MasterCard,NOR
439.48,Target,Careyborough,MasterCard,FRA
328.81,BestBuy,Martinfurt,MasterCard,NOR
396.04,Walmart,Doughertyfurt,Visa,NOR
967.4,Amazon,Johnfurt,MasterCard,NOR
592.01,Walmart,Millertown,MasterCard,NOR
159.19,Target,Burkeville,Amex,NOR
977.5,BestBuy,New Monicatown,Visa,FRA
548.91,BestBuy,East Timothy,MasterCard,FRA
144.93,Amazon,Michealville,Visa,NOR
111.7,BestBuy,Rodriguezmouth,Visa,NOR
66.01,Target,South Jeffreymouth,Visa,FRA
461.38,BestBuy,Carolhaven,Visa,NOR
369.32,Walmart,Grantview,Amex,NOR
932.09,Amazon,Selenaberg,MasterCard,NOR
493.96,BestBuy,New Dawnchester,Visa,NOR
508.02,Amazon,Greenebury,Amex,NOR
540.36,Walmart,Melissaside,MasterCard,NOR
566.72,BestBuy,Richardfort,Visa,FRA
414.8,Amazon,Port Nancychester,Visa,NOR
144.42,Target,Stevenmouth,Amex,FRA
897.09,Amazon,Floresbury,MasterCard,FRA
759.29,Amazon,Ariasside,Visa,NOR
291.96,BestBuy,West Jeffery,Amex,NOR
193.67,BestBuy,New Tricia,Amex,NOR
260.12,BestBuy,Smithview,Visa,FRA
41.81,Target,Rowlandshire,Visa,NOR
93.52,BestBuy,New Lawrence,Visa,NOR
667.28,Amazon,South Jenniferside,MasterCard,NOR
102.82,eBay,Lake Lisa,Visa,NOR
215.54,eBay,Craigborough,MasterCard,NOR
138.96,BestBuy,Port Melissa,Amex,NOR
325.95,Target,Danaborough,Visa,FRA
225.27,eBay,Noahmouth,Visa,FRA
999.54,Amazon,Smallshire,Visa,FRA
657.38,eBay,Lake Davidview,MasterCard,NOR
342.5,eBay,East Stephanie,MasterCard,FRA
727.84,Amazon,East Monica,MasterCard,NOR
983.9,Target,Tateport,MasterCard,NOR
877.52,Walmart,Lake Josephville,Visa,FRA
113.54,Amazon,Annetteburgh,MasterCard,FRA
839.46,Walmart,Port Andrewshire,MasterCard,NOR
517.2,eBay,West Diana,Visa,NOR
912.01,BestBuy,Christinestad,Visa,NOR
852.03,Walmart,New Lisa,Visa,NOR
962.31,Walmart,Morsemouth,Amex,NOR
142.45,Amazon,Port Danielport,MasterCard,NOR
728.97,Target,Lake Loriside,Visa,NOR
434.85,Walmart,Richardtown,MasterCard,NOR
623.44,eBay,Olsenchester,Visa,NOR
69.27,Walmart,Lake Elizabeth,Amex,NOR
805.95,Target,New Chadbury,Amex,NOR
383.44,Target,Port Dennisview,Amex,NOR
5.49,Target,Reillyport,Visa,NOR
995.92,eBay,Hughesberg,Amex,NOR
713.19,Walmart,West Hannah,Amex,NOR
308.35,eBay,West Shannon,MasterCard,NOR
14.58,Target,Swansonside,Visa,FRA
191.26,Walmart,West Nicole,MasterCard,NOR
123.97,Amazon,Dennisberg,Visa,FRA
357.95,Target,South Samuelmouth,Visa,NOR
580.23,eBay,North Christopherview,MasterCard,NOR
224.58,BestBuy,East Joseph,MasterCard,NOR
705.31,Target,South Joshuaview,MasterCard,FRA
862.56,Walmart,Danieltown,MasterCard,FRA
890.22,Walmart,Garciamouth,Amex,NOR
436.22,eBay,Lake Katherine,Amex,NOR
353.92,BestBuy,Christinahaven,Visa,NOR
711.37,Target,Gatesberg,Visa,NOR
792.19,Amazon,Lake Kevinfort,Visa,FRA
584.51,BestBuy,Port Rebekahland,Visa,FRA
916.15,Amazon,Wallaceport,MasterCard,NOR
435.72,Walmart,Leebury,Visa,NOR
365.56,eBay,Anneland,MasterCard,NOR
284.16,Walmart,Lake Erica,Visa,NOR
749.89,Walmart,North Katherine,Amex,FRA
702.05,eBay,Kylehaven,Amex,FRA
153.73,Amazon,Whiteburgh,Visa,NOR
104.63,Amazon,Lopezhaven,Visa,FRA
494.03,Walmart,East Nancymouth,Amex,NOR
113.25,Walmart,North Crystal,Amex,FRA
130.0,Walmart,North Gary,MasterCard,NOR
829.32,Amazon,New Cynthiaton,Amex,NOR
565.63,Walmart,Gabrielleville,Amex,NOR
717.95,eBay,Walkermouth,Visa,NOR
418.84,Walmart,East Deborahfurt,Visa,NOR
707.14,BestBuy,Caitlinview,Amex,NOR
552.66,Amazon,Normashire,Amex,NOR
2.89,Amazon,North Amber,Visa,NOR
236.21,Target,Lake Darrell,Visa,NOR
562.36,Amazon,North Valerie,Amex,FRA
331.94,eBay,Port Heathermouth,MasterCard,NOR
850.51,Amazon,Timothyhaven,Amex,NOR
842.36,Amazon,East Kimberly,Amex,NOR
26.73,Target,Lake Kevin,Visa,NOR
551.25,Amazon,West Jennifer,MasterCard,NOR
101.76,Target,Taylorfurt,MasterCard,NOR
545.81,Amazon,Port Bryan,Amex,NOR
265.23,BestBuy,Morenoborough,Visa,FRA
226.44,Walmart,Jennifermouth,MasterCard,NOR
333.85,eBay,Port Stacietown,Amex,NOR
358.13,Amazon,Johnburgh,Amex,FRA
749.71,Walmart,Lake Hectormouth,Amex,NOR
700.4,Amazon,Frankburgh,Amex,NOR
636.04,Target,Brockburgh,Visa,NOR
823.57,Target,North Zachary,Visa,FRA
442.73,BestBuy,North Stevenport,MasterCard,NOR
261.96,Amazon,New Jenniferland,Amex,NOR
566.02,Amazon,Donovanfort,MasterCard,NOR
100.47,eBay,Richardside,Visa,FRA
392.67,Target,New Daisystad,MasterCard,NOR
935.51,eBay,Port Marc,Visa,FRA
168.5,eBay,Williamsmouth,Visa,NOR
963.53,BestBuy,Emilybury,MasterCard,FRA
317.14,Amazon,West Vanessa,Amex,NOR
537.31,eBay,Sarahbury,Amex,NOR
22.5,eBay,Jacksonstad,MasterCard,NOR
106.54,eBay,Lake Melissaside,Amex,NOR
909.81,Walmart,Johnburgh,Amex,NOR
504.21,BestBuy,Christopherland,MasterCard,FRA
862.06,Walmart,New Rebecca,Visa,FRA
363.81,Target,Dylanfurt,Amex,NOR
754.36,eBay,Port Theresaport,Visa,FRA
197.48,eBay,South Melindabury,MasterCard,NOR
455.41,eBay,Tinahaven,Visa,FRA
171.98,Walmart,Ambertown,MasterCard,NOR
714.89,Target,Atkinsonhaven,MasterCard,FRA
937.33,Walmart,Foleychester,Amex,NOR
67.82,Amazon,Amyview,MasterCard,FRA
983.77,Amazon,Port Danielchester,Visa,NOR
443.19,Target,East Heather,Visa,NOR
847.88,eBay,Westchester,MasterCard,NOR
824.28,Amazon,Merrittport,Visa,NOR
909.37,BestBuy,Gamblechester,MasterCard,NOR
251.74,Walmart,East Jamesland,MasterCard,NOR
18.41,Walmart,Alexisville,MasterCard,NOR
444.59,Amazon,Brownhaven,Amex,NOR
166.69,Walmart,New Rubenchester,Amex,NOR
475.87,BestBuy,Lake Jeffrey,MasterCard,NOR
936.88,Target,Donaldfurt,Amex,NOR
302.66,Amazon,Natalieberg,Visa,NOR
624.92,Target,West Richard,MasterCard,FRA
620.64,BestBuy,South Meganmouth,Amex,NOR
983.96,Amazon,Port Shawnside,Visa,FRA
713.51,eBay,Port Emilymouth,Amex,NOR
736.3,BestBuy,Rubenbury,Amex,FRA
857.75,Walmart,Kennedyfurt,Visa,NOR
455.19,Walmart,Juliabury,MasterCard,NOR
240.11,BestBuy,South Josephburgh,Visa,NOR
716.47,Walmart,Port Valeriehaven,MasterCard,FRA
948.48,Walmart,West Andrewmouth,Amex,NOR
344.59,Target,Samanthaburgh,Amex,FRA
355.05,BestBuy,Vasquezside,MasterCard,NOR
85.24,BestBuy,New Carlos,Amex,FRA
353.08,Amazon,Pattersonmouth,Amex,NOR
759.91,BestBuy,West Anne,Visa,NOR
483.57,Walmart,New Kendra,Visa,NOR
39.71,eBay,Robertstad,MasterCard,NOR
411.22,BestBuy,North Brianmouth,Amex,NOR
747.21,BestBuy,North John,Amex,FRA
764.2,eBay,Rodriguezchester,MasterCard,FRA
755.92,Walmart,Port Nicholas,Visa,NOR
177.21,Walmart,East Sarahshire,Visa,FRA
2.24,BestBuy,Jodymouth,MasterCard,FRA
426.05,Target,Ashleyview,MasterCard,NOR
203.14,Amazon,Lake Nicholasview,MasterCard,NOR
333.41,Target,Hardystad,MasterCard,FRA
433.28,Amazon,North Thomas,Amex,NOR
615.5,Walmart,Toddhaven,Amex,NOR
607.68,Amazon,Jamesport,Amex,FRA
45.92,BestBuy,Cruzport,Amex,FRA
310.0,BestBuy,Sharpburgh,Amex,NOR
917.73,Amazon,Anthonyville,Amex,NOR
186.57,BestBuy,North Cameron,MasterCard,NOR
217.8,Walmart,Port Theresa,Amex,NOR
38.27,Target,Kelseymouth,Visa,NOR
84.27,eBay,Olsonhaven,Amex,FRA
922.25,Target,Port Steve,Amex,FRA
436.86,eBay,New Thomasfort,Amex,NOR
966.96,Target,Guerreromouth,MasterCard,FRA
669.95,Walmart,New Eugene,Amex,FRA
516.05,eBay,Ramirezburgh,Amex,NOR
201.89,Walmart,Kelleyview,Amex,NOR
819.01,BestBuy,East Caitlinview,Visa,NOR
611.82,Walmart,Bensonberg,Amex,NOR
654.6,eBay,North Melinda,MasterCard,NOR
892.86,BestBuy,East Johnton,MasterCard,NOR
893.97,Amazon,Richardfort,MasterCard,NOR
958.52,Walmart,Ramirezhaven,Visa,NOR
900.19,BestBuy,Lake Marcus,MasterCard,NOR
411.86,Amazon,Cuevasshire,MasterCard,NOR
838.73,Walmart,Port Johnchester,MasterCard,NOR
928.01,BestBuy,South Adamborough,Amex,NOR
396.66,Target,Dustinmouth,Amex,FRA
510.48,BestBuy,Tranton,Amex,NOR
244.64,BestBuy,New Matthew,Visa,NOR
595.76,Amazon,Port Ambermouth,Visa,NOR
700.61,Target,Angelahaven,Amex,NOR
215.19,Amazon,South Katherine,Amex,FRA
309.1,Walmart,Wilkersonport,MasterCard,NOR
871.36,Walmart,Kimberlyport,Visa,NOR
47.78,eBay,South Johnathan,Amex,NOR
578.04,Amazon,Candacefurt,MasterCard,NOR
659.72,Amazon,Lake Feliciaville,MasterCard,NOR
188.6,Walmart,Lisaview,Amex,FRA
264.14,Amazon,Nelsonview,Amex,NOR
65.67,Walmart,Ianborough,Amex,NOR
714.16,BestBuy,Reedborough,Amex,NOR
453.5,eBay,Salinasmouth,Visa,FRA
490.35,eBay,South Tiffanyland,Visa,NOR
208.12,Target,New Diane,Amex,FRA
134.44,Walmart,Evansshire,MasterCard,NOR
30.51,BestBuy,South Shaneton,Visa,FRA
836.49,BestBuy,East Kevinton,Amex,FRA
39.33,eBay,South Juanfurt,Amex,NOR
214.07,eBay,North Markfurt,MasterCard,NOR
103.87,BestBuy,Jenniferfurt,Visa,FRA
199.61,Amazon,South Nicole,Amex,FRA
473.48,eBay,West Kimberlyhaven,Visa,FRA
183.01,eBay,Russellmouth,Visa,NOR
176.87,Walmart,Russellshire,Amex,NOR
302.46,Walmart,Port Laura,Visa,FRA
679.24,Target,Dustinborough,Visa,FRA
675.69,BestBuy,Dakotafort,Amex,NOR
43.11,Walmart,West Theodore,MasterCard,NOR
920.58,BestBuy,Martinezfort,MasterCard,NOR
160.85,Amazon,North Jimmy,Amex,NOR
624.46,Amazon,North Carolineport,Visa,NOR
636.68,Target,Smithborough,MasterCard,NOR
243.52,eBay,Williamsshire,Visa,NOR
189.44,Walmart,East Cynthia,Visa,NOR
4.95,Walmart,Francoside,Visa,FRA
425.34,eBay,North Stephen,Visa,FRA
296.36,eBay,Melissaview,Amex,NOR
488.7,Amazon,Davidborough,MasterCard,NOR
674.8,BestBuy,Port Katie,Amex,NOR
338.39,BestBuy,Lewisside,MasterCard,NOR
627.61,BestBuy,Coffeyfort,Amex,NOR
668.16,eBay,North Kevinchester,Amex,FRA
991.51,BestBuy,Kristaland,Amex,NOR
445.48,Target,North Randallton,MasterCard,FRA
620.45,Target,West Samantha,Visa,NOR
772.89,Walmart,Jefferybury,MasterCard,NOR
443.51,Walmart,Andreafurt,MasterCard,NOR
386.1,Walmart,Barkerland,Amex,NOR
52.53,Walmart,Kristiside,Visa,NOR
330.04,eBay,South Brandonshire,Amex,FRA
838.78,eBay,South Patriciafurt,Amex,FRA
79.36,Amazon,South Margaret,Visa,FRA
348.26,Target,Juliehaven,Visa,NOR
47.7,Amazon,Douglasport,Visa,FRA
977.23,Amazon,Burgessland,Visa,NOR
425.87,Target,Johnhaven,Visa,NOR
95.95,Walmart,South Erinstad,Visa,FRA
218.68,eBay,Tanyastad,Amex,NOR
304.55,Amazon,Lake Monica,MasterCard,FRA
408.8,Walmart,Lisaberg,Visa,NOR
592.21,Target,Smithmouth,MasterCard,NOR
576.82,eBay,Zimmermanborough,Amex,NOR
333.12,Amazon,Phillipland,Amex,FRA
190.4,eBay,West Amy,MasterCard,NOR
625.04,BestBuy,Hannachester,Visa,NOR
400.17,Amazon,East Kelsey,Amex,NOR
129.26,BestBuy,Gallowayberg,MasterCard,NOR
863.6,eBay,Morrowtown,Visa,FRA
844.52,Amazon,New Robertstad,Visa,NOR
633.36,Walmart,Lyonsfort,MasterCard,NOR
340.91,Walmart,East Kristine,Amex,NOR
277.66,Walmart,Port Sherriville,MasterCard,NOR
92.01,Amazon,New Mary,Visa,NOR
450.62,Target,Coreymouth,Amex,NOR
233.15,BestBuy,Mitchellmouth,Visa,NOR
758.91,Target,Lake Darren,MasterCard,FRA
571.61,eBay,West Danielfort,Visa,NOR
489.98,Walmart,Sanchezport,Visa,FRA
68.93,Walmart,Hoodville,Visa,NOR
466.54,Walmart,Nelsontown,Visa,NOR
580.53,Amazon,New Williamhaven,Amex,FRA
46.5,Walmart,North Nicholas,MasterCard,NOR
69.67,Amazon,Courtneyport,Amex,NOR
150.02,BestBuy,South Jenniferburgh,MasterCard,FRA
715.92,Walmart,North Robin,Visa,NOR
766.78,Walmart,Frederickshire,Visa,NOR
741.77,Target,Port Jacob,MasterCard,FRA
392.72,eBay,Scottberg,MasterCard,NOR
594.77,Walmart,Greenville,Amex,NOR
370.97,Amazon,South Ashley,MasterCard,NOR
788.74,Walmart,Marcville,MasterCard,FRA
20.02,Walmart,South Jamesberg,Amex,NOR
464.59,Walmart,South Charleschester,Amex,FRA
775.31,Amazon,Sarahbury,Visa,NOR
886.95,eBay,West Dawnmouth,MasterCard,NOR
409.65,eBay,Rodriguezside,Amex,NOR
282.26,BestBuy,Brentview,Amex,NOR
243.94,eBay,North Rogerfurt,MasterCard,NOR
518.56,Target,South Kenneth,MasterCard,NOR
929.19,Amazon,Port Josephmouth,MasterCard,FRA
176.35,Walmart,Port Brittneychester,MasterCard,NOR
901.68,eBay,East Jenniferside,Amex,NOR
634.55,Target,West Matthewfort,Amex,NOR
791.86,BestBuy,New Tiffanyville,Amex,FRA
118.05,Target,Edwardfort,MasterCard,FRA
585.83,Amazon,Jameshaven,Visa,FRA
330.34,eBay,Anthonybury,MasterCard,NOR
5.49,Target,North Chris,Visa,FRA
250.23,BestBuy,Port Steven,MasterCard,NOR
436.2,Walmart,Lake Bobby,Amex,NOR
321.59,eBay,North Elizabeth,Visa,FRA
566.43,eBay,North Danielport,Amex,FRA
39.17,Amazon,Hornefort,Amex,NOR
755.66,Target,North Josephville,Visa,NOR
768.26,BestBuy,Millerburgh,Visa,FRA
401.81,Walmart,Smithmouth,Visa,NOR
732.48,Amazon,Stephensville,Visa,FRA
351.13,Walmart,North Debra,Amex,NOR
446.08,BestBuy,Stevensville,Amex,NOR
871.42,Target,North Katie,MasterCard,FRA
749.56,Target,East Richard,Visa,NOR
802.7,Walmart,Lake Derrick,Visa,FRA
502.03,Amazon,Lake Kimberly,MasterCard,FRA
634.25,Walmart,Gilbertfurt,Amex,NOR
199.52,eBay,West Ryanfort,MasterCard,NOR
492.93,eBay,Allenborough,MasterCard,NOR
108.85,Walmart,New Kaitlinshire,MasterCard,FRA
983.5,BestBuy,Lawsonstad,Visa,NOR
130.85,BestBuy,West Kimview,Visa,NOR
511.91,Walmart,North Tiffany,Visa,NOR
755.53,eBay,Port Courtneyville,Visa,FRA
775.54,Target,West Rebeccaburgh,Amex,NOR
585.57,Amazon,Fordton,Visa,NOR
82.34,Amazon,Stokesbury,MasterCard,NOR
398.09,eBay,North Ericburgh,MasterCard,NOR
205.17,Amazon,Port Mike,Visa,NOR
964.88,eBay,Ramseyland,MasterCard,NOR
976.86,Target,South Sarahport,MasterCard,FRA
161.08,BestBuy,Port Kathryntown,Visa,NOR
204.41,Amazon,North Michael,Amex,NOR
650.29,Target,Chelsealand,Amex,NOR
101.42,Amazon,Patriciamouth,Visa,NOR
284.36,Target,Griffithstad,Visa,NOR
143.65,eBay,Leroyborough,Visa,NOR
752.6,Walmart,West Amanda,MasterCard,FRA
973.35,eBay,South Davidhaven,Visa,NOR
641.35,Target,Port Cathy,Amex,FRA
905.94,BestBuy,Mcmillanberg,MasterCard,FRA
416.92,Walmart,Youngchester,MasterCard,NOR
5.98,Target,Bridgetton,Amex,NOR
255.72,Target,East Tammybury,Visa,NOR
502.13,BestBuy,Grahamside,Amex,NOR
868.98,Walmart,North Deniseview,Amex,FRA
959.16,eBay,Lynchborough,Amex,FRA
545.28,eBay,Ramosshire,Amex,FRA
426.25,eBay,Devinburgh,Visa,NOR
360.89,eBay,Jermainestad,Visa,NOR
54.42,Amazon,Ericland,Amex,NOR
436.19,BestBuy,Dylanside,Amex,NOR
665.83,BestBuy,Stacyshire,Visa,NOR
852.33,Walmart,Emmaburgh,Amex,NOR
275.92,Walmart,Port Rodneyborough,MasterCard,NOR
191.45,Walmart,West Tyrone,Amex,NOR
786.05,Amazon,Owensburgh,MasterCard,NOR
253.52,BestBuy,Josephshire,Amex,NOR
860.45,Walmart,East Ronald,Amex,NOR
108.47,BestBuy,Sanchezview,Visa,NOR
573.9,Target,West William,MasterCard,NOR
415.77,BestBuy,Lake Kendraburgh,MasterCard,NOR
841.0,Target,Mcdonaldberg,Visa,FRA
444.23,eBay,East Toni,Visa,FRA
709.75,eBay,Elizabethland,Amex,NOR
410.78,Target,Robertland,MasterCard,FRA
436.18,Walmart,Crystalview,MasterCard,NOR
741.66,Amazon,West Thomas,Amex,FRA
277.04,BestBuy,Parsonsberg,Amex,NOR
931.98,eBay,West Chadhaven,MasterCard,FRA
347.58,eBay,New Jeremy,Visa,NOR
272.74,BestBuy,Kevinberg,Visa,NOR
893.04,BestBuy,West Michael,Visa,FRA
876.16,eBay,Williamston,Amex,NOR
154.27,eBay,West Jeremyburgh,Visa,NOR
107.82,eBay,Choiton,MasterCard,FRA
655.75,Walmart,South Jesusview,MasterCard,NOR
878.7,BestBuy,Garrettchester,MasterCard,FRA
946.52,Target,Johnsonmouth,Visa,NOR
674.78,Target,Jonathanview,Visa,NOR
116.11,Target,New Ryan,MasterCard,NOR
760.67,Walmart,Allenside,Visa,NOR
925.29,eBay,Patelport,MasterCard,NOR
321.05,Walmart,Gallegosville,Visa,FRA
650.15,Target,South Kimberly,Amex,NOR
573.53,Target,Port Tracyshire,Amex,NOR
658.15,Walmart,Lopezstad,Amex,NOR
12.87,Target,Hendersonhaven,MasterCard,FRA
588.57,Target,South Christopherfurt,MasterCard,NOR
378.61,Target,Port Rebeccashire,Amex,FRA
228.32,Target,East Crystalton,Amex,NOR
354.39,Walmart,Wardburgh,MasterCard,FRA
320.61,Target,New Pamelaburgh,Visa,NOR
680.21,Walmart,East Devinfurt,MasterCard,NOR
451.68,eBay,Bakerborough,MasterCard,NOR
502.19,Target,New Chelseafurt,Amex,NOR
988.79,Target,South Preston,Amex,NOR
388.44,eBay,South Teresa,Visa,NOR
202.03,Amazon,Hallside,MasterCard,FRA
750.92,Target,Dunnfurt,Amex,FRA
876.92,Amazon,Larsonfurt,Visa,NOR
62.97,eBay,Saraside,MasterCard,NOR
311.29,eBay,Port Samantha,Visa,NOR
127.11,Amazon,Roseberg,Amex,NOR
749.79,Amazon,New Robertland,Amex,NOR
681.92,Amazon,New Cynthiaton,Visa,NOR
514.08,Walmart,Danielburgh,Amex,FRA
432.94,Walmart,New Jeremy,Visa,NOR
386.72,BestBuy,Maryville,Visa,FRA
215.47,Amazon,Douglasside,Visa,FRA
536.76,Target,Mariahtown,Amex,FRA
839.09,BestBuy,Myersburgh,Visa,NOR
74.02,Target,Lake Lauraton,Amex,NOR
270.66,Walmart,Alvarezchester,Visa,NOR
537.29,Walmart,Mcleanville,Amex,NOR
844.87,eBay,Sanchezborough,MasterCard,FRA
181.47,BestBuy,Port Courtneyshire,Amex,FRA
63.7,eBay,East Jamesmouth,Visa,NOR
10.54,Walmart,Wilsonstad,Visa,FRA
180.13,Amazon,New Kim,Amex,FRA
110.92,Walmart,Cynthiatown,Visa,NOR
108.13,Walmart,East Brian,Visa,NOR
460.97,BestBuy,Port Peterborough,Amex,NOR
275.54,Amazon,New Carlfurt,MasterCard,NOR
92.23,Target,Mariaberg,Amex,NOR
903.67,Amazon,South Kathleenmouth,MasterCard,NOR
315.2,eBay,Carpenterfort,MasterCard,FRA
481.15,Amazon,South Margaretville,Visa,NOR
248.24,Amazon,Melissamouth,MasterCard,NOR
491.54,Target,South Emily,MasterCard,NOR
315.44,BestBuy,West Brianland,MasterCard,NOR
203.61,Walmart,New Sabrina,MasterCard,NOR
474.98,BestBuy,Michaelhaven,MasterCard,NOR
576.99,eBay,East Alexanderfurt,MasterCard,NOR
658.73,BestBuy,Michaelstad,Visa,FRA
941.84,Amazon,Jasonton,MasterCard,NOR
230.36,Walmart,Crystaltown,Amex,NOR
789.17,Target,Lindsaymouth,MasterCard,NOR
164.04,Walmart,Timothystad,Amex,NOR
761.01,BestBuy,Lawrenceland,MasterCard,NOR
341.87,BestBuy,Jenniferview,Amex,NOR
512.89,Amazon,Port Lisa,Visa,FRA
42.39,Walmart,New Erica,MasterCard,FRA
542.15,eBay,Lake Robertmouth,Visa,NOR
831.89,Walmart,Brandonberg,MasterCard,NOR
77.89,eBay,Ericchester,Visa,NOR
519.5,Amazon,North Melvinfort,Amex,NOR
982.6,eBay,North Theresa,Visa,NOR
645.38,BestBuy,New Craigberg,Amex,NOR
428.28,eBay,Meyersbury,Amex,NOR
972.99,Walmart,Brownhaven,Amex,NOR
704.53,Target,Toddbury,Amex,NOR
67.48,Amazon,Richardsonview,Visa,FRA
255.79,eBay,Daniellechester,MasterCard,NOR
461.96,Target,South Karen,MasterCard,FRA
770.67,BestBuy,Leeview,MasterCard,NOR
21.58,eBay,Lisaview,Amex,FRA
177.25,Walmart,South Joanna,MasterCard,NOR
837.03,Amazon,South Alec,MasterCard,FRA
539.71,Amazon,Matthewstad,Visa,FRA
64.57,BestBuy,Briggsland,MasterCard,NOR
615.63,BestBuy,Yatesberg,Amex,FRA
894.0,Walmart,West Hannahstad,MasterCard,NOR
172.96,Target,East Herbert,MasterCard,NOR
552.55,Walmart,South Kimberlyland,MasterCard,NOR
90.78,Target,Sharpstad,Visa,NOR
968.32,Walmart,Markburgh,Visa,NOR
648.53,Amazon,Suefurt,Amex,FRA
456.08,BestBuy,New Ashley,Amex,NOR
181.94,eBay,New Nathan,MasterCard,NOR
707.48,Walmart,New Brandonside,Amex,FRA
982.85,Walmart,North Manuel,MasterCard,FRA
689.48,Target,South Michael,Visa,NOR
149.3,eBay,West Donaldfurt,Visa,NOR
35.94,Target,Blackmouth,MasterCard,NOR
106.14,Target,North Justinville,Visa,FRA
118.02,BestBuy,Josephburgh,Amex,NOR
592.87,BestBuy,North Larry,Visa,NOR
423.53,Amazon,Port Karen,Visa,NOR
453.34,Walmart,Lake Robert,Amex,FRA
747.66,BestBuy,Hernandezstad,MasterCard,FRA
512.32,eBay,North Katherineshire,Visa,NOR
238.06,Amazon,Port Anthonyburgh,Amex,NOR
987.02,BestBuy,Port Carol,Amex,NOR
535.13,Walmart,Alanfort,Visa,NOR
338.89,Amazon,West Matthewhaven,Visa,NOR
112.93,BestBuy,North Michelleborough,MasterCard,NOR
513.34,BestBuy,Port Justinland,Amex,NOR
871.61,Walmart,Kellymouth,Amex,NOR
955.11,BestBuy,New Neilview,Amex,FRA
609.8,Walmart,Lake Timothyfort,MasterCard,NOR
501.91,BestBuy,Shaneburgh,Visa,NOR
619.43,Amazon,New Patriciafurt,MasterCard,NOR
850.18,Walmart,Port Michael,Visa,NOR
400.16,Walmart,Williamsshire,Visa,NOR
20.59,eBay,North Amytown,Visa,NOR
906.87,Walmart,Davisburgh,Amex,NOR
600.79,Target,Barnesville,Amex,NOR
332.77,eBay,Nicolehaven,Amex,FRA
552.12,BestBuy,Morganchester,MasterCard,NOR
162.72,eBay,South William,MasterCard,NOR
853.05,BestBuy,Ryanmouth,Visa,NOR
888.65,Walmart,West Kendra,MasterCard,NOR
991.31,Walmart,Rogersstad,MasterCard,NOR
145.26,Target,Sarahfurt,Amex,NOR
486.84,Walmart,South Deborahville,MasterCard,NOR
819.99,Target,East Jacobview,Amex,NOR
334.14,BestBuy,Tiffanybury,Visa,NOR
635.09,Target,Dannystad,Visa,FRA
588.31,BestBuy,Richardchester,MasterCard,NOR
663.43,Amazon,Lake Jason,Visa,FRA
403.5,Amazon,Perezfort,MasterCard,FRA
532.43,Target,Maryburgh,MasterCard,NOR
114.54,Walmart,New Linda,Amex,FRA
583.69,Amazon,Hillfort,MasterCard,FRA
825.5,Target,Jessicashire,MasterCard,NOR
37.96,Amazon,Daniellefort,Amex,NOR
256.2,Amazon,East Sarahhaven,MasterCard,NOR
575.14,Target,North Jesse,Amex,NOR
237.37,eBay,Espinozamouth,MasterCard,NOR
627.53,eBay,Kylestad,Amex,NOR
876.08,eBay,West Danielle,Amex,NOR
996.48,BestBuy,Lake Robertberg,MasterCard,NOR
329.11,Target,New Colleen,Amex,FRA
162.23,BestBuy,Mcdanielshire,Visa,FRA
981.19,eBay,Port Joseside,MasterCard,FRA
652.38,Target,Port Johnnyport,Amex,NOR
176.29,BestBuy,Harrisontown,MasterCard,FRA
686.58,Amazon,East Whitneyside,Visa,NOR
485.96,BestBuy,Matthewport,Visa,NOR
803.41,Amazon,Krystalville,Amex,NOR
197.26,Amazon,New Ashleyfort,MasterCard,FRA
654.51,BestBuy,Jenniferborough,Amex,NOR
200.42,Target,Marcustown,Amex,NOR
480.96,Target,Codyburgh,MasterCard,NOR
671.35,Target,Pittmanport,MasterCard,NOR
610.03,Amazon,South Robertton,Amex,FRA
984.65,BestBuy,Wolfeburgh,MasterCard,NOR
428.93,Amazon,New Tommy,Amex,FRA
857.09,eBay,Virginiaburgh,MasterCard,NOR
702.27,eBay,Jasonland,MasterCard,NOR
407.64,eBay,Matthewland,Amex,NOR
369.17,eBay,Allenborough,Amex,NOR
656.88,eBay,North Kellieburgh,Visa,FRA
504.08,eBay,Spencertown,MasterCard,NOR
933.81,Walmart,North Matthew,Amex,NOR
327.21,eBay,North Sethmouth,Visa,FRA
267.69,BestBuy,Dickersonton,Amex,FRA
648.28,BestBuy,Jackiemouth,Visa,FRA
25.72,BestBuy,South Kathyhaven,Visa,NOR
970.75,Amazon,East Charlesberg,Amex,NOR
404.41,eBay,East Ashley,MasterCard,NOR
271.18,Walmart,West Julie,Amex,FRA
414.89,BestBuy,West Timothy,MasterCard,NOR
556.06,Amazon,Phillipton,Amex,FRA
241.67,Amazon,Lake Amandaville,Amex,NOR
839.07,eBay,North Hollyview,Amex,NOR
697.54,BestBuy,Ingrammouth,Visa,NOR
940.54,eBay,Cooperbury,MasterCard,NOR
80.97,BestBuy,Lake Austin,Visa,NOR
217.6,Target,Erinborough,Visa,FRA
611.13,Walmart,Adammouth,Visa,FRA
471.19,Amazon,North Tylerbury,Amex,NOR
808.81,BestBuy,South Robert,Amex,NOR
161.03,BestBuy,New Kristin,MasterCard,NOR
251.47,BestBuy,Port Curtis,Visa,FRA
354.03,Walmart,South Angelicachester,Visa,FRA
177.14,Target,Amyfurt,Visa,FRA
108.48,Amazon,North Bryanfurt,MasterCard,FRA
317.39,Walmart,Clarkland,MasterCard,FRA
670.12,eBay,Lake Lisaburgh,Visa,NOR
474.91,Walmart,Timothyfurt,Amex,NOR
741.47,Target,Timfort,MasterCard,NOR
713.18,eBay,Lawsonmouth,MasterCard,NOR
311.24,BestBuy,North James,MasterCard,NOR
589.74,Target,Port Kyleberg,Visa,FRA
206.83,Target,Debrafurt,Amex,NOR
169.63,BestBuy,East Jenniferstad,Visa,NOR
959.66,eBay,Jessicahaven,Amex,NOR
103.35,Target,Port Michellechester,MasterCard,NOR
347.2,eBay,North Shirleyview,MasterCard,NOR
739.49,Amazon,Foxside,MasterCard,NOR
716.71,eBay,Jonesburgh,Amex,NOR
119.57,Target,West Melissaside,Visa,FRA
287.26,Amazon,Gutierrezborough,Visa,FRA
239.73,BestBuy,New Amanda,MasterCard,NOR
357.8,BestBuy,South Dawn,Amex,NOR
803.73,Amazon,East Sally,Visa,FRA
158.5,BestBuy,Benjaminland,Visa,FRA
927.32,Walmart,Rodriguezport,Amex,NOR
779.77,Target,South Danielle,MasterCard,NOR
349.43,eBay,Taylorbury,Visa,NOR
607.52,eBay,Bradleyfurt,Visa,NOR
479.68,Target,Christopherborough,MasterCard,NOR
324.96,Amazon,West Kyle,MasterCard,NOR
800.44,Walmart,Port Michaelshire,Amex,NOR
277.55,eBay,Tracyfort,Amex,NOR
499.41,BestBuy,West Jeffery,Amex,FRA
465.59,eBay,Isaacberg,MasterCard,NOR
279.7,Walmart,West Mackenzie,MasterCard,NOR
562.9,Target,Brownchester,Amex,NOR
475.14,Walmart,South Ashleystad,Visa,FRA
977.47,Amazon,Lisastad,MasterCard,NOR
566.37,BestBuy,Cortezside,Visa,FRA
562.4,Amazon,Jamesshire,Amex,FRA
310.63,BestBuy,Port Kathryn,Visa,NOR
180.04,BestBuy,Frazierville,Amex,NOR
992.49,BestBuy,West Johntown,Amex,FRA
446.81,Amazon,Pattersonhaven,Amex,NOR
113.98,Walmart,Katherinechester,MasterCard,NOR
157.07,eBay,Jonesville,Amex,FRA
199.05,Target,Scottchester,Visa,NOR
237.28,Target,New Mark,MasterCard,NOR
985.0,Target,Amymouth,Amex,FRA
881.61,BestBuy,South Travis,Visa,NOR
226.27,Amazon,South Katherine,Amex,NOR
356.2,eBay,Houseview,Amex,NOR
636.44,Target,Port Zacharyville,MasterCard,NOR
709.56,Walmart,Markmouth,Amex,NOR
549.3,eBay,New Brianbury,MasterCard,NOR
833.05,Amazon,North Cynthiamouth,Amex,NOR
760.6,Amazon,Carlton,Amex,NOR
305.28,eBay,East Stevenchester,MasterCard,NOR
87.54,eBay,Lisafurt,MasterCard,FRA
15.98,BestBuy,Lake Aaron,Visa,FRA
199.87,Walmart,Martinezport,Visa,NOR
305.23,eBay,North Jayview,MasterCard,FRA
486.52,Target,Jenniferview,Amex,NOR
589.19,Amazon,New Rachelville,Visa,NOR
50.07,eBay,West David,MasterCard,NOR
661.62,BestBuy,Wuchester,Visa,NOR
169.64,Target,Audreybury,Visa,NOR
921.32,Amazon,West Richardport,Amex,NOR
473.74,BestBuy,Perryland,MasterCard,FRA
31.98,Amazon,Lake Mary,Visa,NOR
70.34,Target,Kellyhaven,MasterCard,NOR
803.84,BestBuy,Lake David,Visa,NOR
371.42,Walmart,Port Maria,MasterCard,FRA
949.31,eBay,West Jeffreyburgh,Amex,FRA
60.27,Walmart,Edwardsfort,MasterCard,NOR
515.01,Amazon,Kelleychester,MasterCard,NOR
13.05,Walmart,Walkermouth,Visa,NOR
830.88,Walmart,Taylorside,MasterCard,NOR
171.24,Target,Amyburgh,Amex,NOR
202.99,Amazon,Lake Travis,Visa,FRA
533.04,Target,Jennifershire,MasterCard,NOR
736.77,Walmart,Port Brendanhaven,Visa,NOR
439.42,Amazon,Charlesmouth,Amex,NOR
685.52,Amazon,Lake Desireeshire,MasterCard,NOR
268.56,eBay,Davidside,Visa,FRA
598.91,eBay,North Danielleland,Visa,NOR
971.55,Walmart,Schmidtside,MasterCard,NOR
306.4,BestBuy,North Rebekah,Visa,NOR
231.1,Walmart,Paulmouth,Amex,FRA
909.99,Amazon,Ortizview,MasterCard,FRA
570.82,Target,North Megan,MasterCard,NOR
344.41,Target,Cookberg,Visa,FRA
411.25,BestBuy,Lake John,Visa,FRA
173.4,eBay,Lake Ashley,MasterCard,NOR
681.6,BestBuy,East Cheryl,MasterCard,NOR
346.52,Walmart,Port Christianberg,Visa,NOR
430.18,eBay,New Brianfurt,Visa,NOR
681.46,Walmart,Ballfurt,Visa,NOR
15.68,eBay,Paulaland,MasterCard,NOR
517.96,Target,Robertsberg,MasterCard,NOR
988.97,BestBuy,Lake Amyshire,Visa,NOR
901.45,Target,North Michellemouth,Visa,NOR
538.91,eBay,West Kylefurt,Visa,FRA
549.99,Walmart,East Carlamouth,Visa,NOR
652.89,Walmart,New Lawrence,Amex,NOR
128.73,Walmart,West Brandy,MasterCard,NOR
151.76,Target,Port Rachel,Visa,NOR
256.15,Target,Kiddland,Visa,FRA
339.0,eBay,Bobbymouth,Visa,FRA
272.26,Walmart,North Stacey,MasterCard,NOR
544.82,Amazon,New Joshuabury,Amex,NOR
770.65,eBay,South Sara,Visa,NOR
792.8,Target,Mcintoshside,Amex,NOR
135.95,Walmart,Port Williamfort,MasterCard,FRA
529.17,Walmart,New Brittney,Visa,FRA
909.43,eBay,Mendozaside,MasterCard,NOR
90.67,Target,Hessstad,Amex,NOR
237.47,Target,Campbellburgh,Amex,NOR
116.88,eBay,West Chadfurt,MasterCard,NOR
879.76,Walmart,Rachelchester,Visa,NOR
446.7,Amazon,Samuelton,Visa,NOR
488.57,Walmart,Wallfurt,MasterCard,FRA
285.37,eBay,West Samanthastad,MasterCard,FRA
826.51,BestBuy,Port Laura,Amex,NOR
398.77,BestBuy,New Amandaberg,Amex,FRA
247.5,eBay,Sarahbury,Amex,NOR
790.37,Walmart,West Kara,Visa,NOR
938.87,eBay,North Paulhaven,Visa,NOR
265.82,Target,Port Michaelville,Amex,NOR
671.0,eBay,Longport,MasterCard,FRA
143.45,BestBuy,East Samuel,Visa,NOR
546.5,Amazon,Andreborough,Amex,NOR
213.19,Target,Jacobmouth,Visa,NOR
41.36,BestBuy,East Wendyburgh,Visa,FRA
350.54,eBay,West Natalie,Amex,FRA
229.34,eBay,West Christopher,Amex,FRA
900.49,Walmart,Lake Kayla,Amex,NOR
38.27,Walmart,Brittanystad,Amex,NOR
74.73,BestBuy,East Michele,Amex,NOR
757.68,Amazon,Lake Jeremybury,Visa,FRA
601.3,BestBuy,Port Jennifershire,Visa,FRA
500.41,Amazon,New Kevinmouth,MasterCard,NOR
924.45,Walmart,Danielstad,Visa,NOR
516.9,Amazon,South Aaron,Amex,NOR
722.38,Walmart,East Jacob,Visa,FRA
316.23,Amazon,Kristinaview,Amex,NOR
87.63,Amazon,East James,MasterCard,FRA
810.54,Walmart,Port Jordanchester,Amex,NOR
183.62,Amazon,New Dylan,MasterCard,NOR
687.9,Target,Blackburnshire,Amex,FRA
733.46,BestBuy,Nguyenmouth,Visa,NOR
311.08,BestBuy,Tamaraville,Visa,FRA
524.69,Amazon,Owensborough,Amex,NOR
345.73,eBay,Stephaniemouth,Amex,NOR
763.61,eBay,North Douglaschester,MasterCard,NOR
269.02,Amazon,Brittanyview,MasterCard,FRA
780.36,Amazon,Jerrymouth,Visa,NOR
428.88,Target,Jeremiahland,MasterCard,FRA
780.28,BestBuy,Caldwellshire,Amex,NOR
763.87,Target,Hamptonburgh,Amex,NOR
958.1,Target,East Michael,Visa,NOR
366.85,eBay,Lake Peterstad,Visa,NOR
469.34,eBay,East Bradleyville,Amex,NOR
253.68,Walmart,North Lisa,MasterCard,FRA
937.62,eBay,Lake Derek,MasterCard,NOR
846.85,BestBuy,Johnsonchester,MasterCard,NOR
545.47,Walmart,North Johnborough,Amex,NOR
151.65,Walmart,Morrishaven,MasterCard,NOR
139.55,BestBuy,Allenmouth,Amex,NOR
320.08,Amazon,Lake Roberto,MasterCard,FRA
151.29,BestBuy,East Staceyfurt,Amex,FRA
603.44,Amazon,Michealfurt,Amex,NOR
489.79,Target,North Daniellefort,MasterCard,NOR
233.15,Amazon,Danielberg,Amex,NOR
848.54,Amazon,South Alexland,Visa,NOR
649.34,eBay,Russellmouth,MasterCard,FRA
457.62,Walmart,Cindychester,MasterCard,FRA
326.03,eBay,Lopezside,Visa,NOR
649.08,Amazon,East Alyssamouth,Visa,NOR
133.4,Target,New Jocelyn,Visa,NOR
798.43,Walmart,Port Jeffreyburgh,Visa,NOR
389.91,Target,Brandonside,MasterCard,NOR
168.72,Walmart,West Tomfurt,MasterCard,NOR
684.85,Walmart,Lisatown,MasterCard,NOR
448.0,Target,Hernandezside,Visa,NOR
71.35,Amazon,South Colin,Visa,FRA
956.25,eBay,Andersonville,Visa,NOR
877.22,Walmart,Lindsayfurt,Visa,NOR
391.59,BestBuy,Rangelberg,Amex,NOR
464.0,BestBuy,Patriciashire,Visa,FRA
335.21,Amazon,North Ronald,Visa,NOR
917.99,Target,Andersontown,Visa,NOR
362.37,eBay,North Tamara,Visa,NOR
453.97,BestBuy,East Courtney,Amex,NOR
101.64,eBay,South Barbara,MasterCard,FRA
601.57,Target,West Leahfort,Amex,NOR
768.81,eBay,North Teresaborough,Visa,NOR
752.72,BestBuy,Romanhaven,Visa,NOR
510.2,Amazon,Williamsstad,MasterCard,NOR
44.72,Amazon,Lake Richardhaven,MasterCard,NOR
21.78,Amazon,West Christopher,Amex,NOR
165.72,eBay,North Paulview,Visa,NOR
670.1,Walmart,West Nathan,MasterCard,NOR
13.32,Amazon,Lake Johnfort,Visa,NOR
545.85,BestBuy,West Gregoryfurt,Visa,FRA
354.25,eBay,Gilbertchester,MasterCard,NOR
986.48,Walmart,Kennethview,Visa,NOR
252.05,Walmart,East Deannaton,Amex,FRA
153.99,Target,Jacobstad,Amex,NOR
843.3,eBay,East Elizabeth,Amex,NOR
860.21,Amazon,Kristinborough,Visa,FRA
903.0,Walmart,Port Derrickton,MasterCard,NOR
65.31,BestBuy,New Destinyport,Visa,NOR
848.71,eBay,North Steven,Amex,NOR
816.99,eBay,Washingtonland,MasterCard,FRA
219.88,eBay,Markshire,Visa,FRA
778.94,Walmart,Sarahside,Amex,FRA
961.73,Amazon,East Justin,Amex,NOR
677.49,Target,East Tony,Visa,NOR
301.5,eBay,Lisaton,Visa,NOR
704.05,Amazon,Moralesstad,MasterCard,NOR
678.57,eBay,East Samantha,Amex,NOR
520.51,Amazon,Millerfurt,MasterCard,NOR
776.61,Amazon,Lindsayfort,MasterCard,NOR
903.68,Walmart,Jocelynville,Amex,FRA
346.27,eBay,Lake Scottchester,Visa,FRA
506.53,Walmart,Lake Travistown,Amex,NOR
632.41,eBay,East Royside,Visa,NOR
807.54,Amazon,Rossport,Visa,FRA
629.44,eBay,Murraymouth,Visa,NOR
536.96,Amazon,Maryberg,Amex,NOR
694.14,eBay,North Rhondachester,Amex,NOR
101.24,eBay,Daleborough,Amex,NOR
702.82,Walmart,New Caitlin,Amex,NOR
102.6,Target,South Karenside,MasterCard,NOR
147.24,Amazon,Campbellview,MasterCard,NOR
199.43,BestBuy,Howellland,MasterCard,NOR
360.77,Amazon,Nicholaschester,MasterCard,NOR
884.34,Amazon,Arnoldbury,MasterCard,FRA
827.91,eBay,Pughville,MasterCard,NOR
4.3,Target,South Mark,Visa,NOR
403.19,Walmart,Port Danielfort,MasterCard,NOR
944.64,BestBuy,Port Angela,Amex,FRA
467.29,Target,Alanburgh,MasterCard,NOR
248.77,Target,New Amymouth,Visa,FRA
571.32,Target,Riverafurt,MasterCard,FRA
598.75,eBay,Youngchester,Visa,NOR
10.26,Walmart,East Lynn,Visa,FRA
897.85,Amazon,West Loriton,Amex,NOR
817.78,Target,New Rachelville,Amex,NOR
870.9,eBay,Natashashire,Amex,NOR
139.21,BestBuy,South Taylor,Visa,NOR
176.26,eBay,Jonathanmouth,Amex,NOR
181.0,Walmart,Kellybury,Amex,FRA
454.62,Walmart,Lake Cherylton,MasterCard,FRA
845.16,BestBuy,Parksshire,MasterCard,NOR
582.65,Target,Barbaramouth,Amex,NOR
866.32,BestBuy,Millerberg,MasterCard,NOR
869.62,Walmart,South Ian,MasterCard,FRA
741.62,eBay,Lake Mario,Amex,NOR
385.27,Amazon,West Sergio,Amex,NOR
9.18,Amazon,East Tiffany,Amex,FRA
266.55,Walmart,Hallhaven,MasterCard,NOR
648.11,Walmart,Port Kimshire,MasterCard,NOR
